<?xml version="1.0" encoding="UTF-8"?>
<!DOCTYPE mapper PUBLIC "-//mybatis.org//DTD Mapper 3.0//EN" "http://mybatis.org/dtd/mybatis-3-mapper.dtd">
<mapper namespace="com.example.mybtest.dao.UserDao">

    <resultMap type="com.example.mybtest.entity.User" id="UserMap">
        <result property="id" column="id" jdbcType="INTEGER"/>
        <result property="username" column="username" jdbcType="VARCHAR"/>
        <result property="password" column="password" jdbcType="VARCHAR"/>
        <result property="code" column="code" jdbcType="VARCHAR"/>
    </resultMap>

    <!--查询单个-->
    <select id="queryByCode" resultMap="UserMap">
        select
          id, username, password, code
        from test.user
        where code = #{code}
    </select>

    <!--查询指定行数据-->
    <select id="queryAllByLimit" resultMap="UserMap">
        select
          id, username, password, code
        from test.user
        limit #{offset}, #{limit}
    </select>

    <!--通过实体作为筛选条件查询-->
    <select id="queryAll" resultMap="UserMap">
        select
        id, username, password, code
        from test.user
        <where>
            <if test="id != null">
                and id = #{id}
            </if>
            <if test="username != null and username != ''">
                and username = #{username}
            </if>
            <if test="password != null and password != ''">
                and password = #{password}
            </if>
            <if test="code != null and code != ''">
                and code = #{code}
            </if>
        </where>
    </select>

    <!--新增所有列-->
    <insert id="insert">
        insert into test.user(username, password, code)
        values (#{username}, #{password}, #{code})
    </insert>

    <insert id="insertBatch">
        insert into test.user(username, password, code)
        values
        <foreach collection="entities" item="entity" separator=",">
            (#{entity.username}, #{entity.password}, #{entity.code})
        </foreach>
    </insert>

    <insert id="insertOrUpdateBatch">
        insert into test.user(username, password, code)
        values
        <foreach collection="entities" item="entity" separator=",">
            (#{entity.username}, #{entity.password}, #{entity.code})
        </foreach>
        on duplicate key update
        username = values(username) , password = values(password) , code = values(code)
    </insert>

    <!--通过主键修改数据-->
    <update id="update">
        update test.user
        <set>
            <if test="username != null and username != ''">
                username = #{username},
            </if>
            <if test="password != null and password != ''">
                password = #{password},
            </if>
            <if test="code != null and code != ''">
                code = #{code},
            </if>
        </set>
        where code = #{code}
    </update>

    <!--通过主键删除-->
    <delete id="deleteByCode">
        delete from test.user where code = #{code}
    </delete>

</mapper>

